{
    "Height": 0.09000000357627869,
    "Width": 0.07000000029802323,
    "TileThickness": 0.006000000052154064,
    "JointSize": 0.0020000000949949028,
    "TextureIndex": 2,
    "Name": "def",
    "CreationDate": "4/13/2018 3:13:58 PM"
}