{
    "Height": 0.20000000298023225,
    "Width": 0.07000000029802323,
    "TileThickness": 0.006000000052154064,
    "JointSize": 0.0020000000949949028,
    "TextureIndex": 2,
    "Name": "def",
    "CreationDate": "4/16/2018 4:47:10 PM"
}