{
    "Height": 0.20000000298023225,
    "Width": 0.10000000149011612,
    "TileThickness": 0.006000000052154064,
    "JointSize": 0.0020000000949949028,
    "TextureIndex": 2,
    "Name": "def",
    "CreationDate": "10/24/2018 5:44:42 PM"
}