{
    "Height": 0.20000000298023225,
    "Width": 0.10000000149011612,
    "TileThickness": 0.00800000037997961,
    "JointSize": 0.0020000000949949028,
    "TextureIndex": 2,
    "Name": "New Tile",
    "CreationDate": "1/19/2018 10:55:53 PM"
}