{
    "Height": 0.10000000149011612,
    "Width": 0.10000000149011612,
    "TileThickness": 0.00800000037997961,
    "JointSize": 0.0020000000949949028,
    "TextureIndex": 0,
    "Name": "New Tile",
    "CreationDate": "1/17/2018 12:51:54 PM"
}