{
    "Height": 0.25,
    "Width": 0.10000000149011612,
    "TileThickness": 0.00800000037997961,
    "JointSize": 0.0020000000949949028,
    "TextureIndex": 0,
    "Name": "New Tile",
    "CreationDate": "3/23/2018 10:44:42 AM"
}