{
    "Height": 0.25,
    "Width": 0.10000000149011612,
    "TileThickness": 0.00800000037997961,
    "JointSize": 0.0020000000949949028,
    "TextureIndex": 1,
    "Name": "New Tile",
    "CreationDate": "3/20/2018 8:10:36 PM"
}