{
    "Height": 0.07999999821186066,
    "Width": 0.07999999821186066,
    "TileThickness": 0.003000000026077032,
    "JointSize": 0.003000000026077032,
    "TextureIndex": 0,
    "Name": "g",
    "CreationDate": "3/28/2018 11:38:00 AM"
}