{
    "Height": 0.05999999865889549,
    "Width": 0.05999999865889549,
    "TileThickness": 0.003000000026077032,
    "JointSize": 0.0020000000949949028,
    "TextureIndex": 0,
    "Name": "g",
    "CreationDate": "3/20/2018 7:26:40 PM"
}