{
    "Height": 0.7699999809265137,
    "Width": 0.10000000149011612,
    "TileThickness": 0.07699999958276749,
    "JointSize": 0.006000000052154064,
    "TextureIndex": 0,
    "Name": "cool",
    "CreationDate": "1/17/2018 11:51:49 AM"
}