{
    "Height": 0.10000000149011612,
    "Width": 0.20000000298023225,
    "TileThickness": 1,
    "JointThickness": 2,
    "TextureIndex": 0,
    "Name": "DirtySmall"
}