{
    "Height": 0.20000000298023225,
    "Width": 0.10000000149011612,
    "TileThickness": 0,
    "JointThickness": 1,
    "TextureIndex": 1,
    "Name": "DirtyBig"
}