{
    "Height": 0.20000000149011612,
    "Width": 0.20000000298023225,
    "TileThickness": 1,
    "JointThickness": 2,
    "TextureIndex": 1,
    "Name": "DirtySmall2"
}