{
    "Height": 0.20000000298023225,
    "Width": 0.20000000298023225,
    "TileThickness": 3,
    "JointThickness": 0,
    "TextureIndex": 1,
    "Name": "RoughMedium"
}