{
    "Height": 0.10000000149011612,
    "Width": 0.10000000149011612,
    "TileThickness": 1,
    "JointThickness": 1,
    "TextureIndex": 0,
    "Name": "RoughSmall"
}