{
    "Height": 0.20000000298023225,
    "Width": 0.4000000059604645,
    "TileThickness": 0,
    "JointThickness": 2,
    "TextureIndex": 2,
    "Name": "RoughBig"
}