{
    "Height": 0.20000000298023225,
    "Width": 0.30000001192092898,
    "TileThickness": 0,
    "JointThickness": 1,
    "TextureIndex": 0,
    "Name": "DefaultRect"
}